{"E87049DF90BC46C5A578EA92369B5DBB.MAI": 1763557282.3083673, "B523B61038ED46E69400ACA826647D08.MAI": 1763557352.205539, "E8CB474122BB49BD9D3B03679F4058CE.MAI": 1763557462.435318}